{"val_AP50":0.15254302133786463,"epoch":3,"loss_objectness":0.018939568323756248,"_step":4,"best_val_mAP":0.10317726788257024,"_runtime":4515,"val_AP75":0.114785417575896,"loss_rpn_box_reg":0.04644899339134281,"pruned":0,"loss_classifier":0.2144781269400846,"loss_box_reg":0.08648939492111095,"val_mAP":0.10291462927208204,"loss":0.36635608341638,"_wandb":{"runtime":4515},"_timestamp":1.7734060573436947e+09}