{"val_mAP":0.10244568513118658,"val_AP50":0.1505918649024281,"val_AP75":0.11507711821549972,"_wandb":{"runtime":110},"_runtime":110,"_timestamp":1.7734300488547425e+09,"_step":0}