{"val_AP75":0.10047278709164931,"loss_rpn_box_reg":0.04004734757903134,"_wandb":{"runtime":5745},"_runtime":5745,"loss_box_reg":0.17466037610778584,"loss_classifier":0.11260818699572701,"_timestamp":1.7733514097320547e+09,"best_val_mAP":0.09612213850954726,"val_mAP":0.09062089641314752,"loss_objectness":0.010694600715197794,"val_AP50":0.14112945808672675,"loss":0.33801051148865374,"epoch":4,"_step":5,"pruned":0}