{"loss":0.43392010243050755,"best_val_mAP":0.10326857401919075,"epoch":2,"pruned":0,"loss_classifier":0.15625397082453127,"val_mAP":0.10291949461917854,"loss_rpn_box_reg":0.04679655393563007,"_runtime":3453,"_timestamp":1.7733456607276268e+09,"_step":3,"val_AP75":0.11462572543620027,"_wandb":{"runtime":3453},"val_AP50":0.15128750411169578,"loss_box_reg":0.21158040921762586,"loss_objectness":0.019289168292800925}