{"pruned":0,"_step":4,"epoch":3,"loss_objectness":0.019578847704561666,"_timestamp":1.773410569932829e+09,"val_AP75":0.11489383697575961,"loss_classifier":0.20407205426949077,"val_AP50":0.1514402926175958,"loss":0.5789768866025843,"loss_rpn_box_reg":0.046578318798550754,"loss_box_reg":0.3087476658287924,"_wandb":{"runtime":4510},"_runtime":4510,"val_mAP":0.10285831846889618,"best_val_mAP":0.10328760600545447}