{"epoch":3,"loss":0.3675782358511351,"val_mAP":0.10258526698613285,"val_AP50":0.15110160358838787,"best_val_mAP":0.10324857817183744,"loss_rpn_box_reg":0.046372682783185154,"pruned":0,"loss_box_reg":0.16605636833666357,"_wandb":{"runtime":4479},"_step":4,"_runtime":4479,"loss_objectness":0.019232662645377787,"loss_classifier":0.13591652210999747,"_timestamp":1.7733766844242628e+09,"val_AP75":0.114435851808782}