{"val_AP75":0.11407765699533089,"_timestamp":1.7734299368418639e+09,"_step":0,"val_mAP":0.10210464006407109,"val_AP50":0.1520190357295399,"_wandb":{"runtime":109},"_runtime":109}