{"_timestamp":1.7734298261983411e+09,"_runtime":108,"_wandb":{"runtime":108},"_step":0,"val_mAP":0.10127797304842667,"val_AP50":0.15097430935732534,"val_AP75":0.1135228953461194}