{"_wandb":{"runtime":13423},"val_AP50":0.1516473938510701,"epoch":11,"_runtime":13423,"_timestamp":1.773470657934368e+09,"val_mAP":0.10215961982438711,"val_AP75":0.11404512504034703,"loss_box_reg":0.29704873593733644,"loss_objectness":0.01755330365987561,"loss_rpn_box_reg":0.04528207310203834,"_step":11,"loss":0.552623277822975,"loss_classifier":0.19273916521738282}