{"val_AP50":0.15286543151516105,"loss_rpn_box_reg":0.046466948626577506,"loss_classifier":0.1775012955609709,"_step":4,"val_AP75":0.11527667327082557,"_runtime":4636,"val_mAP":0.1032087340807791,"loss":0.4825256857853383,"loss_objectness":0.01921561413069139,"pruned":0,"best_val_mAP":0.1032087340807791,"_wandb":{"runtime":4636},"epoch":3,"loss_box_reg":0.23934182722773403,"_timestamp":1.7733813230156066e+09}