{"_timestamp":1.773372202842535e+09,"val_mAP":0.10115783701276194,"pruned":0,"loss_rpn_box_reg":0.04624130614662863,"val_AP50":0.15100360160549756,"_runtime":4557,"_wandb":{"runtime":4557},"loss":0.22669175088428892,"_step":4,"best_val_mAP":0.10189355034327031,"loss_classifier":0.07648085992631969,"epoch":3,"loss_objectness":0.018878350315206262,"val_AP75":0.11070694791025767,"loss_box_reg":0.08509123419091338}