{"val_mAP":0.10231976358274085,"_step":11,"loss_classifier":0.192865901893354,"loss_box_reg":0.29724762694444506,"val_AP50":0.1518818982448081,"loss_rpn_box_reg":0.04525847329029784,"_runtime":13545,"_wandb":{"runtime":13545},"loss_objectness":0.01744006647134438,"loss":0.5528120678844861,"epoch":11,"_timestamp":1.773429675052542e+09,"val_AP75":0.11428987658240197}