{"loss":0.5524836337552406,"_wandb":{"runtime":13584},"val_AP50":0.15176032993643662,"_step":11,"loss_box_reg":0.2968377909760457,"loss_rpn_box_reg":0.04525703803482611,"val_mAP":0.10253496578924112,"_runtime":13584,"_timestamp":1.773443691797175e+09,"loss_objectness":0.017626665114623394,"epoch":11,"loss_classifier":0.19276213970710523,"val_AP75":0.11464219072828104}