{"epoch":3,"loss_box_reg":0.14951865562412422,"_timestamp":1.7734150970530233e+09,"_wandb":{"runtime":4512},"best_val_mAP":0.10295419359407369,"loss_classifier":0.20994126394949852,"_step":4,"val_AP50":0.15119921970551553,"loss_rpn_box_reg":0.04651530501807793,"loss_objectness":0.01891870524031583,"val_mAP":0.10282128558861563,"loss":0.42489392960770056,"val_AP75":0.11452075514337468,"_runtime":4512,"pruned":0}