{"val_mAP":0.059023834904601544,"epoch_time_s":1144.3239648342133,"epoch":2,"lr":0.005,"loss_objectness":0.02962920272291012,"loss_rpn_box_reg":0.06039248669358494,"_step":2,"_runtime":3418,"val_AP50":0.1012981240108909,"val_AP75":0.061754437880265925,"loss_box_reg":0.24418191024754196,"loss":0.5518480487726629,"loss_classifier":0.2176444491716102,"_wandb":{"runtime":3418},"_timestamp":1.7733416033904161e+09}