{"val_mAP":0.10217539146844475,"_runtime":13503,"loss_classifier":0.19290650014963467,"_step":11,"loss_box_reg":0.2972982047430705,"loss_rpn_box_reg":0.04530130444099996,"loss":0.5531234224983491,"epoch":11,"loss_objectness":0.017617413986874452,"val_AP75":0.11397519884089127,"val_AP50":0.15188083275959352,"_timestamp":1.7734572154715204e+09,"_wandb":{"runtime":13503}}