{"epoch":4,"pruned":0,"loss_objectness":0.019003994676771073,"val_AP50":0.14067288732019415,"val_mAP":0.09294270563245442,"best_val_mAP":0.10108748245289992,"_step":5,"loss":0.4288985386104323,"_timestamp":1.773357083033293e+09,"loss_classifier":0.1560933327114908,"val_AP75":0.1018951295185316,"loss_rpn_box_reg":0.046123144899662294,"_runtime":5671,"_wandb":{"runtime":5671},"loss_box_reg":0.2076780663735699}